-- MariaDB dump 10.19  Distrib 10.4.32-MariaDB, for Win64 (AMD64)
--
-- Host: 10.10.10.20    Database: mis40db
-- ------------------------------------------------------
-- Server version	10.1.48-MariaDB

/*!40101 SET @OLD_CHARACTER_SET_CLIENT=@@CHARACTER_SET_CLIENT */;
/*!40101 SET @OLD_CHARACTER_SET_RESULTS=@@CHARACTER_SET_RESULTS */;
/*!40101 SET @OLD_COLLATION_CONNECTION=@@COLLATION_CONNECTION */;
/*!40101 SET NAMES utf8mb4 */;
/*!40103 SET @OLD_TIME_ZONE=@@TIME_ZONE */;
/*!40103 SET TIME_ZONE='+00:00' */;
/*!40014 SET @OLD_UNIQUE_CHECKS=@@UNIQUE_CHECKS, UNIQUE_CHECKS=0 */;
/*!40014 SET @OLD_FOREIGN_KEY_CHECKS=@@FOREIGN_KEY_CHECKS, FOREIGN_KEY_CHECKS=0 */;
/*!40101 SET @OLD_SQL_MODE=@@SQL_MODE, SQL_MODE='NO_AUTO_VALUE_ON_ZERO' */;
/*!40111 SET @OLD_SQL_NOTES=@@SQL_NOTES, SQL_NOTES=0 */;

--
-- Table structure for table `rep_reports`
--

DROP TABLE IF EXISTS `rep_reports`;
/*!40101 SET @saved_cs_client     = @@character_set_client */;
/*!40101 SET character_set_client = utf8 */;
CREATE TABLE `rep_reports` (
  `repid` int(11) NOT NULL AUTO_INCREMENT,
  `rep_code` varchar(255) DEFAULT NULL,
  `rep_name` varchar(255) DEFAULT NULL,
  `rep_column` longtext,
  `rep_sql1` longtext,
  `rep_sql2` longtext,
  `rep_sql3` longtext,
  `rep_sql4` longtext,
  `rep_where` longtext,
  `rep_where_fdatename` longtext,
  `rep_where_selecter` longtext,
  `rep_groupby` longtext,
  `rep_user_reporter` varchar(15) DEFAULT NULL,
  `rep_user_request` varchar(255) DEFAULT NULL,
  `rep_update` datetime DEFAULT NULL,
  `rep_cat` varchar(2) DEFAULT NULL,
  `rep_template` text,
  `rep_status` varchar(1) DEFAULT NULL,
  PRIMARY KEY (`repid`) USING BTREE
) ENGINE=InnoDB ROW_FORMAT=DYNAMIC AUTO_INCREMENT=67 DEFAULT CHARSET=utf8 ROW_FORMAT=COMPACT;
/*!40101 SET character_set_client = @saved_cs_client */;

--
-- Dumping data for table `rep_reports`
--

LOCK TABLES `rep_reports` WRITE;
/*!40000 ALTER TABLE `rep_reports` DISABLE KEYS */;
INSERT INTO `rep_reports` VALUES (16,'2563-20200826220422','รายงานการใช้ยาและเวชภัณฑ์','?exp=rxreports','','','','','','','','','ghost','','2020-08-26 22:36:31','10','','1'),(17,'2563-20200826220859','รายชื่อประชากร person (ในเขต)','?exp=person','','','','','','','','','ghost','','2020-08-26 22:10:26','8','','1'),(18,'2563-20200826221030','รายชื่อประชากร person (ทั้งหมดในฐานข้อมูล)','?exp=persons','','','','','','','','','ghost','','2020-08-26 22:22:49','8','','1'),(19,'2563-20200826221146','รายชื่อผู้รับบริการ/ผู้ป่วย patient (ทั้งหมดในฐานข้อมูล)','?exp=patient','','','','','','','','','ghost','','2020-08-26 22:23:04','2','','1'),(20,'2563-20200826221239','ผู้รับบริการได้รับการตรวจคัดกรอง PP Special','?exp=screen','','','','','','','','','ghost','','2020-08-26 22:22:19','8','','1'),(21,'2563-20200826221306','ผู้รับบริการได้รับการตรวจ X-Ray','?exp=cxr','','','','','','','','','ghost','','2021-06-01 15:45:12','8','','1'),(22,'2563-20200826221552','รายงานการใช้วัคซีน RABIES','?exp=rabies','','','','','','','','','ghost','','2021-09-22 11:59:12','10','รายงานการใช้วัคซีน RABIES (ที่มีใช้ใน รพ. icode : 1590025,1520379,1520165,1520061,1520694)','1'),(23,'2563-20200826221649','เป้าหมายผู้รับบริการตรวจ TB (เบาหวาน)','?exp=tb','','','','','','','','','ghost','','2020-08-26 22:24:42','8','','1'),(24,'2563-20200826221717','เป้าหมายผู้รับบริการตรวจ TB (ผู้สัมผัส)','?exp=tb2','','','','','','','','','ghost','','2020-08-26 22:24:30','8','','1'),(25,'2563-20200826221744','ผู้รับบริการที่รับยา','?exp=drugsearch','','','','','','','','','ghost','','2020-08-26 22:21:27','10','','1'),(26,'2563-20200826221813','สรุปค่าใช้จ่ายผู้ป่วยนอก','?exp=moneyopd','','','','','','','','','ghost','','2020-08-26 22:24:00','2','','1'),(27,'2563-20200826221836','สรุปค่าใช้จ่ายผู้ป่วยใน','?exp=moneyipd','','','','','','','','','ghost','','2020-08-26 22:24:14','3','','1'),(28,'2563-20200826221859','ผู้รับบริการในเขต ได้รับการตรวจสุขภาพฟัน','?exp=dentalcare','','','','','','','','','ghost','','2021-08-03 10:02:21','21','','1'),(29,'2563-20200826221924','จำนวนผู้รับบริการผู้ป่วยนอก (จำแนกตามสิทธิ์รักษาพยาบาล)','?exp=visitpttype','','','','','','','','','ghost','','2020-08-26 22:21:12','2','','1'),(30,'2563-20200826221947','สถิติใบสั่งยา Rx Order','?exp=rxorder','','','','','','','','','ghost','','2020-08-26 22:23:32','10','','1'),(31,'2563-20200826222021','รายชื่อเด็กคลอดในโรงพยาบาล','?exp=newborn','','','','','','','','','ghost','','2020-08-26 22:23:18','5','','1'),(32,'2563-20201006104058','การขูดหินปูนผู้รับบริการคลินิกเบาหวาน','?exp=dentdm','','','','','','','','','ghost','','2020-10-06 10:42:03','21','','1'),(33,'2563-20201006104220','ผู้รับบริการทันตกรรมที่มีรหัสโรค C00-C14','?exp=dentc00c14','','','','','','','','','ghost','','2020-10-06 10:42:56','21','','1'),(34,'2563-20201006111016','ผู้ป่วยใน UGIB','?exp=ipdguib','','','','','','','','','ghost','','2020-10-06 11:12:27','3','','1'),(35,'2563-20201015104400','สถิติแพทย์ตรวจรักษา','?exp=doctorex','','','','','','','','','ghost','','2020-10-15 10:44:34','2','','1'),(36,'2563-20201216094800','สถิติรายการผล LAB (ราย item)','?exp=labitems','','','','','','','','','ghost','งานชันสูตรสาธาณสุข','2021-02-04 16:08:07','22','','1'),(37,'2563-20210204160836','รายการผล LAB ยังไม่ลงผล','?exp=labnoresult','','','','','','','','','ghost','งานชันสูตรสาธาณสุข','2021-02-04 16:11:16','22','','1'),(38,'2563-20210525164616','รายชื่อผู้ป่วยรับบริการทันตกรรม','?exp=dentptlist','','','','','','','','','ghost','ทันตกรรม','2021-05-25 16:47:55','21','','1'),(39,'2563-20210528141444','Vaccine รายงานการฉีดวัคซีน COVID-19','?exp=covid19','','','','','','','','','ghost','','2021-07-05 12:51:18','2','','1'),(40,'2563-20210618133410','Vaccine รายชื่อนัดฉีดวัคซีน COVID-19','?exp=covid19a','','','','','','','','','ghost','','2021-07-05 12:51:43','2','','1'),(41,'2563-20210705103610','Vaccine รายชื่อผู้รับบริการฉีดวัคซีน','?exp=vaccine','','','','','','','','','ghost','','2021-07-05 12:05:41','8','','1'),(42,'2563-20210705125258','เป้าหมายฉีดวัคซีนไข้หวัดใหญ่ ที่ฉีดวัคซีน COVID แล้ว','?exp=covidflu','','','','','','','','','ghost','','2021-07-05 12:56:07','8','','1'),(43,'2563-20210722150019','รายงานอาการผู้ป่วยประจำวัน','?exp=admitreport','','','','','','','','','ghost','งานผู้ป่วยใน','2021-07-22 15:02:00','3','','1'),(44,'2563-20210730163056','รายงานรับใหม่ย้ายตาย (ผู้ป่วยใน)','?exp=ipdadmmov','','','','','','','','','ghost','งานผู้ป่วยใน','2021-07-30 16:31:44','3','','1'),(46,'2563-20210809145825','รายชื่อนัดฉีดวัคซีน COVID-19','?exp=covid19list','','','','','','','','','ghost','ghost','2021-08-09 14:59:51','2','','1'),(47,'2563-20210811105537','ผู้ป่วยจำหน่าย ที่จ่ายยาฟ้าทลายโจร','?exp=ipddchfha','','','','','','','','','ghost','','2021-08-11 11:04:20','3','','1'),(48,'2563-20210816113548','รายงานการจ่ายยาผู้ป่วย','?exp=drugsearch2','','','','','','','','','ghost','เภสัชกรรม','2021-08-16 11:36:34','10','','1'),(50,'2563-20210825210314','Vaccine ประชากรกลุ่มเป้าหมายที่รับวัคซีนแล้ว','?exp=micperson','','','','','','','','','ghost','ghost','2021-08-25 21:04:30','18','','1'),(51,'2563-20210902215958','Vaccine ประชากรกลุ่มเป้าหมาย 607','?exp=micperson607','','','','','','','','','ghost','','2021-09-08 09:33:41','18','','1'),(52,'2563-20210916104911','Vaccine Slot รพร.ตะพานหิน','?exp=coslotssp','','','','','','','','','ghost','ghost','2021-09-17 03:21:04','18','','1'),(53,'2563-20210918122008','Vaccine รายชื่อผู้ได้รับการฉีดวัคซีน COVID-19 (สรุปเข็ม 1-2-3-4-5)','?exp=vacchos','','','','','','','','','ghost','ghost','2022-02-15 13:53:24','18','','1'),(54,'2563-20210919172036','Vaccine Slot รพร.ตะพานหิน นัดฉีดวัคซีน (สำหรับ Export)','?exp=coslot','','','','','','','','','ghost','ghost','2021-09-19 17:24:59','18','','1'),(55,'2563-20210922115435','xxxTESTxxx (ทดสอบรายงานใหม่)','?exp=testreport','','','','','','','','','ghost','ghost','2021-09-22 11:58:41','18','','1'),(56,'2563-20210924235130','Vaccine xxx Inventory รายงานการรับวัคซีนเข้าคลัง','?exp=vacinventory','','','','','','','','','ghost','ghost','2021-09-24 23:54:11','10','','1'),(57,'2563-20211007101148','รายชื่อนักเรียนฉีด Pfizer','?exp=costudent','','','','','','','','','ghost','ghost','2021-10-07 10:12:36','18','','1'),(58,'2563-20220617125932','ผู้รับบริการในคลินิกเบาหวานที่ได้รับการตรวจคัดกรองตา','?exp=eyescreen','','','','','','','','','ghost','ณัฐสินี','2022-06-17 13:02:09','2','ผู้ป่วยในคลินิกเบาหวาน ที่อยู่ในเขตเทศบาล -> วันที่ได้รับการตรวจคัดกรองตา','1'),(59,'2563-20220706124247','รายชื่อผู้รับบริการผู้ป่วยนอก','?exp=visitlist','','','','','','','','','ghost','','2022-07-06 13:09:47','2','','1'),(60,'2566-20230224162043','ทะเบียนจิตเวช','?exp=clinicpsy','','','','','','','','','ghost','งานจิตเวช','2023-02-24 16:22:30','2','','1'),(61,'2566-20230428095724','รายชื่อผู้ป่วยตรวจ HBA1C','?exp=hba1c','','','','','','','','','ghost','จิณตระการ','2023-04-28 09:59:15','8','','1'),(62,'2567-20240108111022','สรุปจำนวนผู้ป่วย 506 (แยกตามกลุ่มอาการ)','?exp=rep506result','','','','','','','','','ghost','จิณตระการ','2024-01-08 11:13:21','8','','1'),(63,'2567-20240411101515','เป้าหมายคัดกรองโรคตับอักเสบ 2567 (Ultrasound)','?exp=hep','','','','','','','','','ghost','สุนันทา จันทร์สิงห์','2024-04-11 10:16:27','1','','1'),(64,'2567-20240620103512','แสดงรายการผู้ป่วยที่ Discharge ในวัน','?exp=ipddch','','','','','','','','','ghost','งานผู้ป่วยใน','2024-06-20 10:35:56','3','','1'),(65,'2567-20260204105015','รายงานเวลาแพทย์เข้าตรวจ','?exp=doctortr','','','','','','','','','ghost','พญ.สิรินทิพย์','2026-02-04 11:01:44','20','','1'),(66,'2567-20260409232410','ผู้ป่วยรับยา Warfarin ผล INR < 3','?exp=warfarin','','','','','','','','','ghost','หฤหรรษ์','2026-04-09 23:29:43','2','','1');
/*!40000 ALTER TABLE `rep_reports` ENABLE KEYS */;
UNLOCK TABLES;

--
-- Table structure for table `sys_rep_cat`
--

DROP TABLE IF EXISTS `sys_rep_cat`;
/*!40101 SET @saved_cs_client     = @@character_set_client */;
/*!40101 SET character_set_client = utf8 */;
CREATE TABLE `sys_rep_cat` (
  `id` int(11) NOT NULL,
  `rep_cat` varchar(255) DEFAULT NULL,
  PRIMARY KEY (`id`) USING BTREE
) ENGINE=InnoDB ROW_FORMAT=DYNAMIC DEFAULT CHARSET=utf8 ROW_FORMAT=COMPACT;
/*!40101 SET character_set_client = @saved_cs_client */;

--
-- Dumping data for table `sys_rep_cat`
--

LOCK TABLES `sys_rep_cat` WRITE;
/*!40000 ALTER TABLE `sys_rep_cat` DISABLE KEYS */;
INSERT INTO `sys_rep_cat` VALUES (1,'อุบัติเหตุและฉุกเฉิน'),(2,'ผู้ป่วยนอก'),(3,'ผู้ป่วยใน'),(5,'สูติกรรม'),(6,'ผ่าตัดและวิสัญญี'),(8,'เวชกรรมสังคม'),(10,'เภสัชกรรม'),(14,'กายภาพบำบัด'),(15,'เวชระเบียน'),(17,'ประกันสุขภาพ'),(18,'แผนงานและข้อมูลข่าวสาร'),(19,'เวชสถิติ '),(20,'องค์กรแพทย์'),(21,'ทันตกรรม'),(22,'ชันสูตรสาธารณสุข');
/*!40000 ALTER TABLE `sys_rep_cat` ENABLE KEYS */;
UNLOCK TABLES;

--
-- Table structure for table `mis_user`
--

DROP TABLE IF EXISTS `mis_user`;
/*!40101 SET @saved_cs_client     = @@character_set_client */;
/*!40101 SET character_set_client = utf8 */;
CREATE TABLE `mis_user` (
  `m_login` varchar(50) NOT NULL,
  `dpid` varchar(50) NOT NULL,
  `m_namefull` varchar(255) NOT NULL,
  `m_realname` varchar(255) DEFAULT NULL,
  `user_status` varchar(1) DEFAULT NULL,
  `user_head` varchar(1) DEFAULT NULL,
  `user_approve` varchar(1) DEFAULT NULL,
  `user_admin` varchar(1) DEFAULT NULL,
  `m_email` varchar(255) DEFAULT NULL,
  `m_phoneno` varchar(255) DEFAULT NULL,
  `login_secure` varchar(255) DEFAULT NULL,
  `user_subject` varchar(255) DEFAULT NULL,
  `user_descript` tinytext,
  `regist_date` datetime DEFAULT NULL,
  `last_update` datetime DEFAULT NULL,
  `user_picture` varchar(255) DEFAULT NULL,
  `last_login` datetime DEFAULT NULL,
  `last_logout` datetime DEFAULT NULL,
  `online_status` varchar(1) DEFAULT NULL,
  `ip_login` varchar(255) DEFAULT NULL,
  `os_login` varchar(255) DEFAULT NULL,
  PRIMARY KEY (`m_login`) USING BTREE,
  KEY `index_2` (`dpid`) USING BTREE
) ENGINE=MyISAM DEFAULT CHARSET=utf8 ROW_FORMAT=DYNAMIC;
/*!40101 SET character_set_client = @saved_cs_client */;

--
-- Dumping data for table `mis_user`
--

LOCK TABLES `mis_user` WRITE;
/*!40000 ALTER TABLE `mis_user` DISABLE KEYS */;
INSERT INTO `mis_user` VALUES ('wanphen','701','นางวันเพ็ญ  แพมงคล','นางวันเพ็ญ  แพมงคล','1','0','0','0','jummai2546@gmail.com','(089) 565-7733','aae5416b1581f1e396c7b77da52e74f167d93112','14 ม.1 ต.ไทรโรงโขน อ.ตะพานหิน จ.พิจิตร','<p>ทำงาน</p>','2023-04-19 11:03:35',NULL,'','2026-04-28 14:24:59','2026-04-28 14:39:47','0','45.223.11.1','Mozilla/5.0 (Windows NT 10.0; Win64; x64) AppleWebKit/537.36 (KHTML, like Gecko) Chrome/147.0.0.0 Safari/537.36'),('sutatip','704','น.ส.สุธาทิพย์  พันสด','น.ส.สุธาทิพย์  พันสด','1','1','1','1','aormail.su@gmail.com','(094) 791-9415','a5ccd1380d2e798a9495c75a0cd3123f2e3efd3e','','','2018-02-22 10:38:37','2020-02-21 14:37:39','sutatip-20200221143739-11.jpg','2026-03-19 10:42:03',NULL,'1','45.223.11.9','Mozilla/5.0 (Windows NT 10.0; Win64; x64) AppleWebKit/537.36 (KHTML, like Gecko) Chrome/145.0.0.0 Safari/537.36'),('amnuay','704','นายอำนวย  ภู่รักษ์',NULL,'1','0','0','0','apooruk@gmail.com','(088) 272-6840','ee0bdef06844002ba00890002eab0d4998b450ad',NULL,NULL,'2018-02-22 10:43:17','2019-11-01 13:05:47','','2025-04-21 09:23:21',NULL,'1','172.16.11.107','Mozilla/5.0 (Windows NT 10.0; Win64; x64) AppleWebKit/537.36 (KHTML, like Gecko) Chrome/134.0.0.0 Safari/537.36'),('ghost','704','นายณัฐพงศ์  เครือเทศ','นายณัฐพงศ์  เครือเทศ','1','1','1','2','phichitonline@gmail.com','(061) 992-1666','bd79294cb1687d82aea908fb941c295f3da2e630','71 ซ.9 ถ.ชมฐีระเวช ต.ตะพานหิน อ.ตะพานหิน จ.พิจิตร 66110','<p>ทำเป้าหมายให้สำเร็จในทุกๆวัน</p>','2018-04-03 13:06:57','2022-09-16 09:14:06','ghost-20191008160317-JPEG_20190227_143759_6644783012370625519.jpg','2026-04-29 17:19:37',NULL,'1','45.223.11.12','Mozilla/5.0 (Macintosh; Intel Mac OS X 10_15_7) AppleWebKit/537.36 (KHTML, like Gecko) Chrome/146.0.0.0 Safari/537.36'),('saowari','701','นางเสาวรี  หวังประเสริฐ',NULL,'1','1','1','0','saowaree08@hotmail.com','(093) 131-4435','36c2feefe1a26291823adc903e4bfa6ee52a5145',NULL,NULL,'2018-06-15 15:49:08','2019-10-11 15:03:29','','2025-07-19 11:58:00',NULL,'1','122.154.184.97','Mozilla/5.0 (Windows NT 10.0; Win64; x64) AppleWebKit/537.36 (KHTML, like Gecko) Chrome/138.0.0.0 Safari/537.36'),('nuttasinee','721','นางณัฐสินี. ภคทิพากร','นางณัฐสินี  ภคทิพากร','1','1','1','0','jeerapha2403@gmail.com','(098) 831-5462','e04222ac90142dd2e2af95ffaad1fa8cd4d5596d','111ม1 ต.ไผ่ท่าโพ อ.โพธิ์ประทับช้าง จ.พิจิตร','<p>ทำวันน้ีให้ดีที่สุด</p>','2019-01-16 10:27:11','2025-12-06 19:37:02','','2026-04-12 20:57:18',NULL,'1','45.223.11.9','Mozilla/5.0 (Windows NT 10.0; Win64; x64) AppleWebKit/537.36 (KHTML, like Gecko) Chrome/146.0.0.0 Safari/537.36'),('sunthorn','724','สุนทร บุญปรุง','นายสุนทร  บุญปรุง','1','1','1','0','klingamnat46@gmail.com','(096) 641-5914','cff1d2e809b523cb53b1dc903e4bfa6ee52a5145','','','2019-10-03 14:33:25','2019-10-03 14:35:53','','2023-06-16 10:18:50',NULL,'1','122.154.184.97','Mozilla/5.0 (Windows NT 10.0; Win64; x64) AppleWebKit/537.36 (KHTML, like Gecko) Chrome/114.0.0.0 Safari/537.36'),('aeh','699','ทพญ.สุพัตรา  วิชาชัย','ทพญ.สุพัตรา  วิชาชัย','0','0','0','0','a_ana_e@hotmail.com','(089) 708-2020','1d81612206f5b0e0502208d733224ab40edf6e17','','','2019-10-03 14:39:51','2023-04-27 14:12:48','','2021-05-31 14:09:47','2021-05-31 14:13:42','0','119.42.106.54','Mozilla/5.0 (Windows NT 10.0; Win64; x64) AppleWebKit/537.36 (KHTML, like Gecko) Chrome/91.0.4472.77 Safari/537.36'),('khanungnit','701','น.ส.คนึงนิจ  คำนึงสิทธิ','น.ส.คนึงนิจ  คำนึงสิทธิ','1','0','0','0','','','080d31abbd3f73c2854b26bbf805f6d4b107cdd0','','','2020-02-17 15:34:40','2025-08-08 15:54:10','','2026-01-12 16:31:13',NULL,'1','45.223.11.9','Mozilla/5.0 (Windows NT 10.0; Win64; x64) AppleWebKit/537.36 (KHTML, like Gecko) Chrome/143.0.0.0 Safari/537.36'),('weeraporn','706','น.ส.วีรภรณ์  กันฟัก','น.ส.วีรภรณ์  กันฟัก','1','1','1','0','weeraporn17112561@gmail.com','','e500593768275bd3d3ec26bbf805f6d4b107cdd0','','','2021-01-08 16:26:46','2026-01-16 15:26:25','','2026-03-26 16:47:56','2026-03-26 16:59:36','0','45.223.11.9','Mozilla/5.0 (Windows NT 10.0; Win64; x64) AppleWebKit/537.36 (KHTML, like Gecko) Chrome/144.0.0.0 Safari/537.36 Edg/144.0.0.0'),('wanthakarn','706','น.ส.วันทกรานต์  เนียมสุวรรณ์','น.ส.วันทกรานต์  เนียมสุวรรณ์','1','0','0','0','hello_wanthakarn@hotmail.com','','b0d92c576ba660dd0a099bae60a4433c947aa368','','','2021-01-08 16:28:01','2021-02-05 10:46:13','','2025-04-23 09:16:31',NULL,'1','172.16.11.59','Mozilla/5.0 (iPad; CPU OS 18_4_1 like Mac OS X) AppleWebKit/605.1.15 (KHTML, like Gecko) CriOS/135.0.7049.83 Mobile/15E148 Safari/604.1'),('kittipat','732','นายกิตติพัทธ์  ปวีณเกียรติคุณ',NULL,'0','0','0','0','','','08747c3471f1c21ddfed247b8ba2eca129d9fe9f','','','2019-05-23 15:44:03','2023-04-27 11:11:23','','2024-02-07 13:13:34','2024-02-07 13:14:07','0','122.154.184.97','Mozilla/5.0 (Windows NT 10.0; Win64; x64) AppleWebKit/537.36 (KHTML, like Gecko) Chrome/121.0.0.0 Safari/537.36'),('kotchaphat','726','นางกชภัท  เหลาหบูรณกิจ','นางกชภัท  เหลาหบูรณกิจ','1','1','1','0','kotcha04@gmail.com','(099) 418-1117','8e74362a4a6e6c38ccc626bbf805f6d4b107cdd0','48 ถ.สหมิตร อ.ตะพานหิน จ.พิจิตร','','2023-04-25 11:36:48','2023-04-25 11:46:24','','2025-07-31 09:12:49',NULL,'1','122.154.184.97','Mozilla/5.0 (Windows NT 10.0; Win64; x64) AppleWebKit/537.36 (KHTML, like Gecko) Chrome/138.0.0.0 Safari/537.36'),('chaiwut','710','นายชัยวุฒิ  เชื้อคมตา','นายชัยวุฒิ  เชื้อคมตา','0','0','0','0','pop014732@gmail.com','(084) 739-3973','78270e0b06d7c693f6ec16bd99945b46d8ba4b22','','','2020-10-22 14:23:15','2026-04-10 11:06:48','','2025-12-12 13:44:57',NULL,'1','45.223.11.5','Mozilla/5.0 (Windows NT 10.0; Win64; x64) AppleWebKit/537.36 (KHTML, like Gecko) Chrome/143.0.0.0 Safari/537.36'),('boonyatat','697','นายบุณยทรรศน์  เหล่าเขตกิจ','นายบุณยทรรศน์  เหล่าเขตกิจ','1','1','1','1','','','d3130e7f569a891f42feddb614e66c9af935a2bc','','','2019-10-03 09:10:18','2019-10-03 09:13:29','','2026-04-09 15:23:31','2026-04-09 15:31:55','0','45.223.11.9','Mozilla/5.0 (Windows NT 10.0; Win64; x64) AppleWebKit/537.36 (KHTML, like Gecko) Chrome/140.0.0.0 Safari/537.36'),('janejiras','699','น.ส.เจนจิรา  สงประเสริฐ','น.ส.เจนจิรา  สงประเสริฐ','1','0','0','0','janejiras58@nu.ac.th','(080) 062-8674','2bf52a6a549b3b4c24563b144ca0ccedcb239e02','','','2021-06-23 10:36:27',NULL,'','2023-12-12 20:29:32','2023-12-12 20:33:12','0','122.154.184.97','Mozilla/5.0 (iPhone; CPU iPhone OS 16_3_1 like Mac OS X) AppleWebKit/605.1.15 (KHTML, like Gecko) Version/16.3 Mobile/15E148 Safari/604.1'),('preeyanit','703','น.ส.ปรียนิตย์  คับงูเหลือม','น.ส.ปรียนิตย์  คับงูเหลือม','1','1','1','0','ohohpt@gmail.com','(094) 636-3863','7b5f380678b5de31de3f33640ccad71280af01c3','บ้านพัก รพร. เลขที่่ 69','<p>โฟกัสที่ปัจจุบัน และทำมันให้ดีที่สุด</p>','2019-06-28 16:49:51','2019-10-04 16:22:56','preeyanit-20190628164951-229086_190838087619341_100000794523187_222393_1676687_n_resize.jpg','2025-08-14 15:52:00',NULL,'1','122.154.184.97','Mozilla/5.0 (Windows NT 10.0; Win64; x64) AppleWebKit/537.36 (KHTML, like Gecko) Chrome/138.0.0.0 Safari/537.36'),('orrawan','701','น.ส.อรวรรณ  อรวรรณ','น.ส.อรวรรณ  อรวรรณ','1','0','0','0','','','2894e425f1a644ac7324af3a4e985ec9a6d917ad','','','2019-07-26 10:03:50',NULL,'','2026-04-10 10:08:53','2026-04-10 10:52:16','0','45.223.11.9','Mozilla/5.0 (Windows NT 10.0; Win64; x64) AppleWebKit/537.36 (KHTML, like Gecko) Chrome/146.0.0.0 Safari/537.36'),('pimpapisa','720','น.ส.พิมพพิศา  พิชญสกุลกาญจน์','น.ส.พิมพพิศา  พิชญสกุลกาญจน์','0','0','0','0','yuyeegirl@gmail.com','(094) 179-4265','1234d6f7955861e79542995b473425a9c1e93768','62/25 ม.9 ต.หอไกร อ.บางมูลนาก จ.พิจิตร 66120','','2019-06-28 16:44:01','2026-04-10 11:07:24','','2025-09-11 10:55:35','2025-09-11 10:59:08','0','122.154.184.97','Mozilla/5.0 (Windows NT 10.0; Win64; x64) AppleWebKit/537.36 (KHTML, like Gecko) Chrome/140.0.0.0 Safari/537.36'),('panad','699','น.ส.ปนัดดา  บุญวัฒน์','น.ส.ปนัดดา  บุญวัฒน์','1','1','1','0','muy_noi@hotmail.com','','3251539537544cd6668f8688944c166e955ee4b6','','','2023-10-10 11:02:22','2023-10-10 13:19:43','panad-20231010131943-อีรอสสุดหล่อ.jpg','2026-04-23 21:58:18',NULL,'1','45.223.11.12','Mozilla/5.0 (Windows NT 10.0; Win64; x64) AppleWebKit/537.36 (KHTML, like Gecko) Chrome/147.0.0.0 Safari/537.36'),('areewan','712','นางอารีย์วรรณ  มีลาภ','นางอารีย์วรรณ  มีลาภ','1','1','1','0','','(089) 960-8962','ee77048d4f9f362a3e5322cee29f5bde83eed86d','','','2019-10-03 14:43:14','2019-10-03 14:43:53','','2026-03-30 14:59:01',NULL,'1','45.223.11.9','Mozilla/5.0 (Windows NT 10.0; Win64; x64) AppleWebKit/537.36 (KHTML, like Gecko) Chrome/146.0.0.0 Safari/537.36'),('ratchada','700','น.ส.รัชดา  เพ็ญศรี','น.ส.รัชดา  เพ็ญศรี','1','0','0','0','jub1984_p@hotmail.com','(088) 282-2234','c4b998d77f783356251626bbf805f6d4b107cdd0','27 ถ.หนุมาน ซ.17 อ.ตะพานหิน จ.พิจิตร66110','','2019-10-03 14:50:29','2019-10-03 14:51:06','','2025-03-17 14:38:31',NULL,'1','100.100.100.157','Mozilla/5.0 (Windows NT 10.0; Win64; x64) AppleWebKit/537.36 (KHTML, like Gecko) Chrome/134.0.0.0 Safari/537.36'),('tanarak','700','นายธนรักษ์  ทิวารักษ์','นายธนรักษ์  ทิวารักษ์','1','1','1','0','tanarak88@hotmail.com','(086) 997-6125','4f9d4378efc69f9b77ac776f914dccd789712cb6','6/19 ถ.บุษบา อ.เมือง จ.พิจิตร 6600','','2019-10-03 15:20:35','2019-10-22 15:53:19','','2026-01-22 14:31:42',NULL,'1','45.223.11.9','Mozilla/5.0 (Windows NT 10.0; Win64; x64) AppleWebKit/537.36 (KHTML, like Gecko) Chrome/143.0.0.0 Safari/537.36'),('wilawan','717','น.ส.วิลาวัณย์  กลัดแก้ว','น.ส.วิลาวัณย์  กลัดแก้ว','1','1','0','0','kladkaeww@yahoo.com','(081) 596-6840','343d1d77b9b2d19cdb8321b636c7e5b6f70f92af','','','2019-10-03 15:37:53','2019-10-07 09:14:23','','2025-11-07 09:41:28',NULL,'1','122.154.184.97','Mozilla/5.0 (Windows NT 10.0; Win64; x64) AppleWebKit/537.36 (KHTML, like Gecko) Chrome/142.0.0.0 Safari/537.36'),('direk','732','นายดิเรก  นาคทองแดง','นายดิเรก  นาคทองแดง','1','0','0','0','','','2b43dd6ae4d90386db5a26bbf805f6d4b107cdd0','','','2021-02-16 14:46:12',NULL,'','2026-02-09 11:58:34',NULL,'1','45.223.11.9','Mozilla/5.0 (Windows NT 10.0; Win64; x64) AppleWebKit/537.36 (KHTML, like Gecko) Chrome/135.0.0.0 Safari/537.36'),('phacharaporn','706','นางพัชราพร  พิจิตรศิริ','นางพัชราพร  พิจิตรศิริ','1','1','1','0','','','d872e04bb023b571c2dc55065e97a48de956c2ac','','','2023-04-27 12:02:19','2023-04-27 12:03:18','','2025-09-17 08:52:32','2025-09-17 08:59:29','0','122.154.184.97','Mozilla/5.0 (Windows NT 10.0; Win64; x64) AppleWebKit/537.36 (KHTML, like Gecko) Chrome/139.0.0.0 Safari/537.36'),('kunyalak','722','นางกัญญลักษณ์  บุญหนุน','นางกัญญลักษณ์  บุญหนุน','0','0','0','0','nrs_kb@hotmail.com','(086) 446-7520','e5a7740d39532e682800ac014be15fac67c6e815','488 ม1 ตะพานหิน','','2020-05-27 08:56:44','2023-04-27 11:11:55','','2022-04-18 15:58:43',NULL,'1','180.180.170.108','Mozilla/5.0 (Windows NT 10.0; Win64; x64) AppleWebKit/537.36 (KHTML, like Gecko) Chrome/100.0.4896.127 Safari/537.36'),('mingkwan','723','น.ส.มิ่งขวัญ  วรรณโภชน์','น.ส.มิ่งขวัญ  วรรณโภชน์','1','0','0','0','supersun55@hotmail.com','(081) 707-1200','ccd75caf9f0fb5a973b6360f131fbb385d98bf12','รพร.ตะพานหิน 78','<p>เสียสละ อดทน ซื่อสัตย์</p>','2019-10-04 14:57:30','2020-10-19 14:00:22','','2025-07-22 13:54:59',NULL,'1','122.154.184.97','Mozilla/5.0 (Windows NT 10.0; Win64; x64) AppleWebKit/537.36 (KHTML, like Gecko) Chrome/138.0.0.0 Safari/537.36'),('bunlert','703','นายบุญเลิศ  สุขสงค์','นายบุญเลิศ  สุขสงค์','1','0','0','0','bunlertvm@hotmail.com','(089) 961-5109','d25d0e63dd5393b7232926bbf805f6d4b107cdd0','บ้านพัก รพร.','<p>ทำงานแบบมีความสุข สนุกกับการทำงานทุกวัน</p>','2019-10-07 16:29:08','2019-11-04 15:44:30','','2023-04-24 12:38:14',NULL,'1','122.154.184.97','Mozilla/5.0 (Windows NT 10.0; Win64; x64) AppleWebKit/537.36 (KHTML, like Gecko) Chrome/107.0.0.0 Safari/537.36'),('nisit','712','นางอารีย์วรรณ  มีลาภ2','นางอารีย์วรรณ  มีลาภ','1','0','0','0','','','5fbbb759e69e7319af9d26bbf805f6d4b107cdd0','','','2023-08-24 15:00:02','2026-04-10 11:08:45','','2023-08-25 08:45:39',NULL,'1','122.154.184.97','Mozilla/5.0 (Windows NT 10.0; Win64; x64) AppleWebKit/537.36 (KHTML, like Gecko) Chrome/116.0.0.0 Safari/537.36'),('chayapha','695','น.ส.ชญาภา   โง่นใจรัก','น.ส.ชญาภา   โง่นใจรัก','1','1','1','0','chayapha_peung@hotmail.com','(085) 353-5898','8afa264f1b950f4170959fec5a9a9699a3f9a57f','','','2023-02-28 14:33:21','2023-03-17 11:32:44','','2024-10-03 08:38:10','2024-10-03 08:53:12','0','172.16.12.154','Mozilla/5.0 (Windows NT 10.0; Win64; x64) AppleWebKit/537.36 (KHTML, like Gecko) Chrome/129.0.0.0 Safari/537.36'),('warunee','703','นส.วารุณี  แซ่โง้ว','นส.วารุณี  แซ่โง้ว','1','0','0','0','','(084) 640-2295','f6d882ce6f5cc49ad2a726bbf805f6d4b107cdd0','101 หมู่ 1 ต.ทุ่งโพธิ์ อ.ตะพานหิน จ.พิจิตร 66150','','2019-10-08 16:13:48',NULL,'warunee-20191008161348-C360_2016-01-26-17-16-42-940.jpg','2019-10-10 14:47:58','2019-10-10 14:48:27','0','159.192.121.213','Mozilla/5.0 (Windows NT 10.0; Win64; x64) AppleWebKit/537.36 (KHTML, like Gecko) Chrome/77.0.3865.90 Safari/537.36'),('kaltima','703','น.ส.กัลธิมา  รัตนศฤงคาร','น.ส.กัลธิมา  รัตนศฤงคาร','1','0','0','0','','(086) 931-6091','29bcdd5173140ec1c22626bbf805f6d4b107cdd0','1038/2 ม.10 ต.เขาทราย อ.ทับคล้อ จ.พิจิตร 66230','','2019-10-08 16:22:29',NULL,'kaltima-20191008162229-IMG_8349.JPG',NULL,'2019-10-08 16:23:00','0',NULL,NULL),('attachai','722','น.พ.อรรถชัย  ศรีบุญยงค์','น.พ.อรรถชัย  ศรีบุญยงค์','1','0','0','0','','','aca8940d81e581da587ae5339144d5ea42c6d6dc','','','2025-01-10 11:50:37',NULL,'',NULL,'2025-01-10 11:51:32','0',NULL,NULL),('chalermkiat','732','นายเฉลิมเกียรติ  เขื่อนเพชร','นายเฉลิมเกียรติ  เขื่อนเพชร','1','1','1','0','chalkiat208@gmail.com','(061) 478-5811','385c5b7b07aeea8f98e5f8867d6add77cbfbadb7','3 ซ. ชมฐีระเวช 9 ต.ตะพานหิน อ.ตะพานหิน จ.พิจิตร','<p>ทำปัจจุบันให้ดีที่สุด</p>','2019-10-10 23:19:33','2019-10-15 17:20:06','','2026-04-08 08:56:44',NULL,'1','45.223.11.5','Mozilla/5.0 (Windows NT 10.0; Win64; x64) AppleWebKit/537.36 (KHTML, like Gecko) Chrome/146.0.0.0 Safari/537.36'),('pawinee','720','น.ส.ภาวินี  ตั้งปัญญาวงศ์','น.ส.ภาวินี  ตั้งปัญญาวงศ์','1','0','0','0','pn_tg@hotmail.com','(086) 787-3390','fa2868a2c8ee3e45d2d088ea3ea87e14d353f7f3','57โกสินทร์ 200ปี ต.ตะพานหิน   อ.ตะพานหิน จ.พิจิตร 66110','','2019-10-21 13:51:48','2023-11-06 09:24:25','','2025-09-13 09:29:34','2025-09-13 09:32:43','0','122.154.184.97','Mozilla/5.0 (Windows NT 6.1; rv:109.0) Gecko/20100101 Firefox/115.0'),('sujinan','716','นางสุจินันท์  ก่อกิจโรจน์','นางสุจินันท์  ก่อกิจโรจน์','1','1','1','0','sujikag2513@hotmail.com','(094) 830-5519','68d5460b1d516b26232f9f53630f544b08db3ebb','1ซอย9 รพร.ตะพานหิน ต.ตะพานหิน จ.พิจิตร','','2019-11-01 16:14:02','2019-11-01 16:15:02','','2025-09-16 14:52:36','2025-09-16 15:22:49','0','122.154.184.97','Mozilla/5.0 (Windows NT 10.0; Win64; x64) AppleWebKit/537.36 (KHTML, like Gecko) Chrome/140.0.0.0 Safari/537.36'),('chamnong','704','นางจำนงค์  วิชิรมาลา','นางจำนงค์  วิชิรมาลา','1','0','0','0','chamnong.782@gmail.com','(089) 568-6032','cc2388447253ef1900b026bbf805f6d4b107cdd0','78 ซอยชุมสาย2 ต.ตะพานหิน อ.ตะพานหิน จ.พิจิตร 66110','','2019-10-22 15:23:51','2019-11-01 13:04:22','','2026-04-20 14:12:19',NULL,'1','122.154.184.97','Mozilla/5.0 (Windows NT 10.0; Win64; x64) AppleWebKit/537.36 (KHTML, like Gecko) Chrome/147.0.0.0 Safari/537.36'),('sakkarin','732','นายศักรินทร์  ตันสกุล','นายศักรินทร์  ตันสกุล','1','0','0','0','bionologo@hotmail.com','(083) 009-5773','9088e042f6a38473d3d526bbf805f6d4b107cdd0','บ้านพักเลขที่12​ โรงพยาบาลสมเด็จพระยุพราชตะพานหิน​ เลขที่1​ ซอย9​ ถนนชมฐีระเวช​ ตำบลตะพานหิน​ อำเภอตะพานหิน​ จังหวัดพิจิตร​ 66110​','','2019-10-23 20:11:12','2019-11-19 21:37:51','','2026-03-25 15:51:48',NULL,'1','45.223.11.9','Mozilla/5.0 (Windows NT 10.0; Win64; x64) AppleWebKit/537.36 (KHTML, like Gecko) Chrome/146.0.0.0 Safari/537.36'),('chawwalit','699','นายชวลิต  พุ่มบุญนาก','นายชวลิต  พุ่มบุญนาก','1','0','0','0','Bear_lit@hotmail.com','(081) 303-5814','56fa17c872bf79e7bbbf26bbf805f6d4b107cdd0','83/1 ม5 ต.บางไผ่ อ.บางมูลนาก จ.พิจิตร 66110','<p>ทำดีไม่มีใครเห็น แต่สวรรค์ก็ต้องเห็น</p>','2019-10-30 09:37:55',NULL,'','2025-12-04 15:00:15',NULL,'1','45.223.11.6','Mozilla/5.0 (Windows NT 10.0; Win64; x64) AppleWebKit/537.36 (KHTML, like Gecko) Chrome/142.0.0.0 Safari/537.36'),('sunanta','713','น.ส.สุนันทา  จันทร์สิงห์','น.ส.สุนันทา  จันทร์สิงห์','1','1','1','0','marnoier@hotmail.com','(081) 596-9786','3917af235210ba48fe9e631467a3d90144086dfa','124ม.4 ต.ท่าฬ่อ อ.เมือง จ.พิจิตร66000','','2019-10-30 13:52:00','2019-10-31 09:20:29','','2026-04-20 10:25:36',NULL,'1','122.154.184.97','Mozilla/5.0 (Windows NT 10.0; Win64; x64) AppleWebKit/537.36 (KHTML, like Gecko) Chrome/147.0.0.0 Safari/537.36'),('khetfa','699','เขตฟ้า ยาอินทร์','นายเขตฟ้า  ยาอินทร์','1','0','0','0','katfa007@hotmail.com','(088) 535-8783','fd922bc020e62f5c020d26bbf805f6d4b107cdd0','99 ม.5 ต.เก้าเลี้ยว อ.เก้าเลี้ยว จ.นครสวรรค์','','2019-10-30 16:28:09','2019-10-30 16:28:24','','2023-05-31 11:27:35',NULL,'1','122.154.184.97','Mozilla/5.0 (Windows NT 10.0; Win64; x64) AppleWebKit/537.36 (KHTML, like Gecko) Chrome/113.0.0.0 Safari/537.36'),('pornsak','715','นายพรศักดิ์  ใจชื้น','นายพรศักดิ์  ใจชื้น','1','1','1','0','pornsak-@hotmail.com','(081) 475-2906','01ca3c5ad536a065297d8601e90eeec3db480f29','19 ซอย 9 ถ.ชมฐีระเวช ต.ตะพานหิน อ.ตะพานหิน จ.พิจิตร','','2023-04-19 11:35:17','2023-04-19 11:35:54','','2026-04-30 14:29:12',NULL,'1','45.223.11.2','Mozilla/5.0 (Windows NT 10.0; Win64; x64) AppleWebKit/537.36 (KHTML, like Gecko) Chrome/147.0.0.0 Safari/537.36'),('sukamon','699','น.ส.สุขกมล   กอโชติวุฒินนท์','น.ส.สุขกมล   กอโชติวุฒินนท์','1','0','0','0','pom_dentagirl@hotmail.com','(086) 889-3844','3155bcafb3dc4045b51926bbf805f6d4b107cdd0','58 ถนนโกสินทร์200ปี อ.ตะพานหิน จ.พิจิตร66110','','2019-10-30 19:19:36',NULL,'','2025-07-30 11:57:34','2025-07-30 11:59:17','0','122.154.184.97','Mozilla/5.0 (Windows NT 10.0; Win64; x64) AppleWebKit/537.36 (KHTML, like Gecko) Chrome/138.0.0.0 Safari/537.36'),('darika','699','น.ส.ดาริกา  สายทวี','น.ส.ดาวิกา  สายทวี','1','0','0','0','jukru_prince@hotmail.com','(___) ___-____','f65fc24a1b3469656d9f26bbf805f6d4b107cdd0','144/1 ม.2 ต. บ้านแก่ง อ.ตรอน จ.อุตรดิตถ์ 53140','','2019-10-30 23:16:35',NULL,'',NULL,'2019-10-30 23:19:53','0',NULL,NULL),('phae','699','น.ส.แพ  จันทร์คุ้ม','น.ส.แพ  จันทร์คุ้ม','1','0','0','0','ppairiiee@gmail.com','(086) 352-4790','6b4f74b941aa13e51e0126bbf805f6d4b107cdd0','114 ลาดพร้าว ซ.80 แยก 22 แขวง/เขตวังทองหลาง กทม 10310','','2019-11-01 08:31:39','2019-11-01 08:33:12','','2023-06-15 09:06:18','2023-06-15 09:09:27','0','122.154.184.97','Mozilla/5.0 (Windows NT 10.0; Win64; x64) AppleWebKit/537.36 (KHTML, like Gecko) Chrome/114.0.0.0 Safari/537.36'),('uthaiwan','707','นางอุทัยวรรณ์  คล้ายแก้ว','นางอุทัยวรรณ์  คล้ายแก้ว','1','0','0','0','','','53d81d6eaf52569b44c589750364d939d6d04f54','','','2020-05-05 10:44:32','2020-05-05 10:47:26','','2020-05-05 10:46:59','2020-05-05 10:48:11','0','172.168.10.95','Mozilla/5.0 (Windows NT 6.1; WOW64) AppleWebKit/537.36 (KHTML, like Gecko) Chrome/70.0.3538.67 Safari/537.36'),('suprawee','697','น.ส.สุประวีณ์  ศรีคณณ์ปติ','น.ส.สุประวีณ์  แผนชู','1','0','0','1','k-phat@hotmail.com','','a29b4911748668ed46072de3f4801e1d4d0b353d','','','2019-11-12 16:16:23','2024-10-04 10:33:28','suprawee-20210108161910-67840721_394190627901775_9212052427207868416_n.jpg','2026-03-18 15:47:44','2026-03-18 15:48:30','0','45.223.11.9','Mozilla/5.0 (Windows NT 10.0; Win64; x64) AppleWebKit/537.36 (KHTML, like Gecko) Chrome/146.0.0.0 Safari/537.36'),('jeerana','719','นางจีรณา  ส่งศรี','นางจีรณา  ส่งศรี','1','1','1','0','mgegee.q@hotmail.com','(085) 027-3393','2928c619351ef18e1221a83787cf8c5dd2149d8c','','','2019-11-01 14:43:23','2020-10-29 00:39:53','jeerana-20201029003953-61894714_2322822617778536_4612011443804438528_n.jpg','2025-05-02 13:23:15','2025-05-02 13:34:15','0','10.0.202.16','Mozilla/5.0 (Windows NT 10.0; Win64; x64) AppleWebKit/537.36 (KHTML, like Gecko) Chrome/135.0.0.0 Safari/537.36'),('pratanporn','699','น.ส.ประทานพร  มงคลวรรณเลิศ','น.ส.ประทานพร  มงคลวรรณเลิศ','0','0','0','0','mana.pratanporn@gmail.com','(086) 987-6688','2d4cd4a6df27bffeb51d26bbf805f6d4b107cdd0','3 ถนนบางบอน5  แขวงบางบอน เขตบางบอน กทม. 10150','','2019-11-03 10:02:01','2023-04-27 14:16:41','','2022-04-26 14:16:11','2022-04-26 14:17:33','0','1.47.131.253','Mozilla/5.0 (Windows NT 10.0; Win64; x64) AppleWebKit/537.36 (KHTML, like Gecko) Chrome/100.0.4896.127 Safari/537.36'),('phanwarote','714','น.ส.พรรณวรท  บุญศรี','น.ส.พรรณวรท  บุญศรี','0','0','0','0','kaew1717@hotmail.com','(095) 924-2479','dc565d494b8264d02a252db81f2d2879cb0f59a8','196 ม.8  ต.ห้วยเกตุ  อ.ตะพานหิน  จ.พิจิตร  66110','','2019-11-05 00:56:06','2024-08-13 09:35:17','','2024-08-12 14:01:59','2024-08-12 14:08:43','0','10.0.203.134','Mozilla/5.0 (Windows NT 10.0; Win64; x64) AppleWebKit/537.36 (KHTML, like Gecko) Chrome/122.0.0.0 Safari/537.36'),('adisai','708','อดิสัย ศรีทอง','นายอดิสัย  ศรีทอง','1','1','1','1','Haricopz@gmail.com','','cad75c74e905cdd447ba57c59a02a43e7a8382d4','','','2022-03-25 13:39:46','2022-03-25 21:30:10','adisai-20220325213010-ABF52D23-ED81-4E42-9FCD-5924FB23273B.jpeg','2025-05-06 13:41:28',NULL,'1','122.154.184.97','Mozilla/5.0 (Linux; Android 10; K) AppleWebKit/537.36 (KHTML, like Gecko) Chrome/136.0.0.0 Mobile Safari/537.36'),('peerapon','705','นายพีรพล  คุ้มยิ้ม','นายพีรพล  คุ้มยิ้ม','1','0','0','0','','','4d0f207d04adbf06668726bbf805f6d4b107cdd0','','','2019-11-12 15:55:18','2019-11-12 15:56:47','','2026-01-23 13:58:18',NULL,'1','45.223.11.12','Mozilla/5.0 (Windows NT 10.0; Win64; x64) AppleWebKit/537.36 (KHTML, like Gecko) Chrome/144.0.0.0 Safari/537.36 Edg/144.0.0.0'),('chutima','701','นางชุติมา  นรมัตถ์','นางชุติมา  นรมัตถ์','1','0','1','0','','','173895a66ebd86766e2426bbf805f6d4b107cdd0','','','2020-05-01 14:53:43','2020-05-07 11:08:26','','2025-10-15 14:13:05',NULL,'1','45.223.11.1','Mozilla/5.0 (Windows NT 10.0; Win64; x64) AppleWebKit/537.36 (KHTML, like Gecko) Chrome/141.0.0.0 Safari/537.36'),('kunlaya','722','นางกุลยา  บุญหนุน','นางกุลยา  บุญหนุน','0','0','0','0','nrs_kb@hotmail.com','(086) 446-7520','277925f1a86cfd4fe761c0b4b52793e53f7e7213','488 ม1 ตะพานหิน','','2019-11-19 16:22:15','2023-04-27 11:13:00','','2019-11-20 13:12:12',NULL,'1','110.77.187.6','Mozilla/5.0 (Windows NT 10.0; Win64; x64) AppleWebKit/537.36 (KHTML, like Gecko) Chrome/78.0.3904.97 Safari/537.36'),('amnuayporn','696','นางอำนวยพร  สุขพันธ์','นางอำนวยพร  สุขพันธ์','1','1','1','0','nokkoa@hotmail.com','(096) 657-3045','621d841319bf27c5680db2492ed0e95991be9259','รพร.ตะพานหิน','','2019-11-19 13:14:24','2019-11-19 13:16:06','','2026-03-09 16:13:15','2026-03-09 16:13:44','0','45.223.11.12','Mozilla/5.0 (Windows NT 10.0; Win64; x64) AppleWebKit/537.36 (KHTML, like Gecko) Chrome/145.0.0.0 Safari/537.36'),('atchara','732','น.ส.อัจฉรา  สุวรรณกิจ','น.ส.อัจฉรา  สุวรรณกิจ','1','0','0','0','','','795f160fb7d5e53a96f14909e5cb1be5e2660e3b','','','2019-11-20 14:58:19',NULL,'','2026-01-12 16:53:52','2026-01-12 16:55:36','0','45.223.11.9','Mozilla/5.0 (Windows NT 10.0; Win64; x64) AppleWebKit/537.36 (KHTML, like Gecko) Chrome/143.0.0.0 Safari/537.36'),('sawittree','732','น.ส.สาวิตรี  วงค์วาส','น.ส.สาวิตรี  วงค์วาส','1','0','0','0','','','d6d00d4b9f6b5ecdef7c26bbf805f6d4b107cdd0','','','2019-11-20 15:13:35',NULL,'','2026-03-25 15:51:39',NULL,'1','45.223.11.9','Mozilla/5.0 (Windows NT 10.0; Win64; x64) AppleWebKit/537.36 (KHTML, like Gecko) Chrome/146.0.0.0 Safari/537.36'),('paweena','732','น.ส.ปวีณา  พิภพวัฒนา','น.ส.ปวีณา  พิภพวัฒนา','1','0','0','0','','','b4d1b5edd17bbcf8fe98a102a3d5cdffdc9de38f','','','2019-11-21 10:14:32',NULL,'','2026-02-02 16:01:15',NULL,'1','45.223.11.9','Mozilla/5.0 (Windows NT 10.0; Win64; x64) AppleWebKit/537.36 (KHTML, like Gecko) Chrome/144.0.0.0 Safari/537.36'),('prisana','727','น.ส.ปริศนา  รัตนปัญญากร','น.ส.ปริศนา  รัตนปัญญากร','1','1','1','0','prissy17@gmail.com','(089) 705-0494','f36d97396819a2849d1df00e4d4971ce945067f8','351  ม.8  ค.งิ้วราย อ.ตะพานหิน จ.พิจิตร ','<p>หลับต้องตื่น&nbsp; &nbsp;ฟื้นต้องปลอดภัย</p>','2024-10-10 19:04:51','2024-10-16 16:26:44','','2026-03-16 08:45:42','2026-03-16 08:46:27','0','45.223.11.9','Mozilla/5.0 (Windows NT 10.0; Win64; x64) AppleWebKit/537.36 (KHTML, like Gecko) Chrome/145.0.0.0 Safari/537.36'),('waraporn','732','น.ส.วราพร  ศรทรง','น.ส.วราพร  ศรทรง','1','0','0','0','','','7b45fd3891ab2cd071b86e7af38707680a70a5de','','','2019-11-22 13:48:36',NULL,'','2026-02-23 12:22:25',NULL,'1','45.223.11.9','Mozilla/5.0 (Windows NT 10.0; Win64; x64) AppleWebKit/537.36 (KHTML, like Gecko) Chrome/145.0.0.0 Safari/537.36'),('siwakon','732','น.ส.ศิวากร  ปกครอง','น.ส.ศิวากร  ปกครอง','1','0','0','0','sirirathlek@gmail.com','(065) 479-5147','66baaf434bcc947b7c9426bbf805f6d4b107cdd0','รพร.ตะพานหิน','','2020-01-31 16:06:59',NULL,'','2022-11-15 16:18:56','2022-11-15 16:19:59','0','110.77.189.123','Mozilla/5.0 (Windows NT 10.0; Win64; x64) AppleWebKit/537.36 (KHTML, like Gecko) Chrome/107.0.0.0 Safari/537.36'),('suton','702','นายสุธน  ชินวุฒิ','นายสุธน  ชินวุฒิ','1','1','1','0','','','4af34f18d6fbdb004aede0f4805884aa44a4c00d','','','2019-11-25 10:51:54','2019-11-25 10:53:10','','2021-03-16 07:41:22',NULL,'1','125.25.221.149','Mozilla/5.0 (Windows NT 6.1; Win64; x64) AppleWebKit/537.36 (KHTML, like Gecko) Chrome/89.0.4389.82 Safari/537.36'),('tharatip','699','น.ส.ธาราทิพย์  อะมูลราช','น.ส.ธาราทิพย์  อะมูลราช','0','0','0','0','thip-farm05@hotmail.com','(094) 604-4141','15a34520c6592cabc8c06b7a0aa2c65e090d4c45','249/3 ม.1 ต.ห้วยแก้ว อ.บึงนาราง จ.พิจิตร 66110','','2019-12-02 13:58:37','2023-04-27 11:13:44','','2022-07-08 16:11:01','2022-07-08 16:18:51','0','110.77.185.75','Mozilla/5.0 (Windows NT 10.0; Win64; x64) AppleWebKit/537.36 (KHTML, like Gecko) Chrome/103.0.0.0 Safari/537.36'),('virat','711','นายวิรัตน์  ไกรเมฆ','นายวิรัตน์  ไกรเมฆ','1','1','1','0','','(087) 581-8188','ad1f6d3a703b9976bf80840c6f702dda3474c3cc','','','2023-04-10 09:56:31','2025-09-17 11:02:43','','2026-03-04 13:55:33',NULL,'1','45.223.11.9','Mozilla/5.0 (Windows NT 10.0; Win64; x64) AppleWebKit/537.36 (KHTML, like Gecko) Chrome/145.0.0.0 Safari/537.36'),('sangrawee','699','น.ส.แสงระวี  บุญเครือพวง','น.ส.แสงระวี  บุญเครือพวง','1','0','0','0','','(085) 592-2622','a86e4cd6698f76833e1f26bbf805f6d4b107cdd0','','','2023-08-10 23:23:13',NULL,'','2024-09-12 17:09:02','2024-09-12 17:09:27','0','10.0.200.190','Mozilla/5.0 (Windows NT 10.0; Win64; x64) AppleWebKit/537.36 (KHTML, like Gecko) Chrome/123.0.0.0 Safari/537.36'),('kanchana','727','นางกาญจนา  แพ่งสุภา','นางกาญจนา  แพ่งสุภา','1','1','1','0','','(087) 730-6841','775dfd3d701e35413737a1c0d345d5d4cc07dfec','26 ซ.7 ถ.ชมฐีระเวช ต.ตะพานหิน อ.ตะพานหิน จ. พิจิตร','','2023-06-07 11:00:38','2024-10-15 14:03:53','','2024-11-06 14:54:45',NULL,'1','10.0.201.148','Mozilla/5.0 (Windows NT 10.0; Win64; x64) AppleWebKit/537.36 (KHTML, like Gecko) Chrome/130.0.0.0 Safari/537.36'),('bentira','709','น.ส.เบญฑิรา  โสภา','น.ส.เบญฑิรา  โสภา','1','1','1','0','','','6edb813c810b4e0ea65ab8da3495b5b9acb414ab','','','2020-10-19 14:02:43','2020-10-19 14:04:07','','2025-07-14 10:38:59',NULL,'1','122.154.184.97','Mozilla/5.0 (Windows NT 10.0; Win64; x64) AppleWebKit/537.36 (KHTML, like Gecko) Chrome/137.0.0.0 Safari/537.36'),('namphet','704','น.ส.น้ำเพชร  ครุธรื่น','น.ส.น้ำเพชร  ครุธรื่น','1','0','0','0','dimonapza@gmail.com','(094) 636-7704','8379980400f81a4572c7f2af8107ac2f31ffd7c3','','','2020-08-26 10:44:56',NULL,'','2026-04-20 14:12:22',NULL,'1','122.154.184.97','Mozilla/5.0 (Windows NT 10.0; Win64; x64) AppleWebKit/537.36 (KHTML, like Gecko) Chrome/147.0.0.0 Safari/537.36'),('suwattana','695',' สุวัฒนา โฉมศิริ','  ','0','0','0','0','','','9c8979872dd7478fe0e4d581aeb3aeccfef4407e','','','2023-04-27 13:45:21','2024-10-10 10:05:53','','2023-04-27 16:30:21','2023-04-27 16:37:58','0','122.154.184.97','Mozilla/5.0 (Windows NT 10.0; Win64; x64) AppleWebKit/537.36 (KHTML, like Gecko) Chrome/112.0.0.0 Safari/537.36'),('natthaporn','699','น.ส.ณัฐฐาภรณ์  นาคพิน','น.ส.ณัฐฐาภรณ์  นาคพิน','1','0','0','0','palmnattha@gmail.com','(083) 952-4695','e777e6a1c631532457337dcad51e81f85ac062c6','329/161 ม.4 ต.บ้านคลอง อ.เมือง จ.พิษณุโลก 65000','','2020-05-08 13:40:49',NULL,'',NULL,'2020-05-08 13:43:27','0',NULL,NULL),('yuphadee','701','นางยุพดี  ศรีเบญจโชติ','นางยุพดี  ศรีเบญจโชติ','1','0','0','0','Sri.yuphadee16@gmail.com','(092) 446-3562','244e71fe5fee5299bb840cd6b08ae71c3083b9e8','322 ริมน่าน อ.ตะพานหิน จ.พิจิตร','<p>ทำวันนี้ให้ดีที่สุด</p>','2023-05-09 11:37:46','2023-05-09 11:38:16','','2026-03-03 13:56:12',NULL,'1','45.223.11.4','Mozilla/5.0 (Windows NT 10.0; Win64; x64) AppleWebKit/537.36 (KHTML, like Gecko) Chrome/145.0.0.0 Safari/537.36'),('chanatip','699','น.ส.ชณาทิพย์  ถนอมมิตร','น.ส.ชณาทิพย์  ถนอมมิตร','1','0','0','0','aom1997chanatip@gmail.com','(088) 774-8638','8edb2d498f00d62bd03cfca0104ae8e511ec28a8','89 หมู่ 4 ตำบลปากทาง อำเภอเมือง จังหวัดพิจิตร 66000','','2020-09-21 09:03:53',NULL,'','2026-04-22 13:28:38','2026-04-22 13:29:15','0','122.154.184.97','Mozilla/5.0 (Windows NT 10.0; Win64; x64) AppleWebKit/537.36 (KHTML, like Gecko) Chrome/147.0.0.0 Safari/537.36'),('anongnat','732','น.ส.อนงค์นาถ  ปานแก้ว','น.ส.อนงค์นาถ  ปานแก้ว','1','0','0','0','','','d1feaf50358b4324fc336024deef437d44affaf9','','','2020-09-21 14:59:04',NULL,'','2025-06-25 17:38:29',NULL,'1','10.0.200.45','Mozilla/5.0 (Windows NT 10.0; Win64; x64) AppleWebKit/537.36 (KHTML, like Gecko) Chrome/137.0.0.0 Safari/537.36'),('aungpha','736','นางเอื้องฟ้า  จันทร์สิงห์','นางเอื้องฟ้า  จันทร์สิงห์','1','0','0','0','aungphaja@gmail.com','','287bb64eb43a26b1ad39950bdcb31d7567fb3a69','','','2020-11-16 14:04:00','2021-02-10 15:53:25','','2021-02-23 11:08:14',NULL,'1','119.42.107.182','Mozilla/5.0 (Windows NT 10.0; Win64; x64) AppleWebKit/537.36 (KHTML, like Gecko) Chrome/88.0.4324.182 Safari/537.36'),('thongchai','698','นายธงชัย  โพธิ์เต็ม','นายธงชัย  โพธิ์เต็ม','1','0','0','0','','','4981384756c58e7bb42f22e8193a3fb64b6d31a7','','','2020-11-27 15:18:08',NULL,'','2026-02-17 10:53:44','2026-02-17 10:56:31','0','45.223.11.9','Mozilla/5.0 (Windows NT 10.0; Win64; x64) AppleWebKit/537.36 (KHTML, like Gecko) Chrome/145.0.0.0 Safari/537.36'),('nathanich','709','น.ส.ณัฐนิช  เขียวรุ้ง','น.ส.ณัฐนิช  เขียวรุ้ง','1','0','0','0','R_ngun808@hotmail.com','(063) 462-2394','36c6cb97c678302bf9f587c03c82d5bcf75211df','140ถนนชูเชิดน่าน อำเภอบางมูลนาก จังหวัดพิจิตร','','2020-12-02 14:02:48',NULL,'nathanich-20201202140248-11CD818D-5F47-4D67-895D-1689C6AE3394.jpeg',NULL,'2020-12-02 14:21:28','0',NULL,NULL),('parichat.chn','699','น.ส.ปาริชาต  ฉินชิยานนท์','น.ส.ปาริชาต  ฉินชิยานนท์','1','0','0','0','chin.parichat@gmail.com','(086) 939-0655','9399f4b663a4686dcf078f24d4de4b1195b122e6','','','2021-06-30 11:36:30',NULL,'','2023-11-01 12:41:35',NULL,'1','200.200.200.55','Mozilla/5.0 (Windows NT 10.0; Win64; x64) AppleWebKit/537.36 (KHTML, like Gecko) Chrome/118.0.0.0 Safari/537.36'),('apichaya.k','699','น.ส.อภิชญา  แก้วกิจจา','น.ส.อภิชญา  แก้วกิจจา','1','0','0','0','k.apich03@gmail.com','(088) 146-0798','4853b7afb49c6bbeadd9a30e4a326b7623da7ac2','','','2021-06-22 14:28:02',NULL,'','2023-06-07 15:07:16',NULL,'1','122.154.184.97','Mozilla/5.0 (Windows NT 10.0; Win64; x64) AppleWebKit/537.36 (KHTML, like Gecko) Chrome/113.0.0.0 Safari/537.36'),('amorntep','699','นายอมรเทพ  ทองดีเล็ก','นายอมรเทพ  ทองดีเล็ก','0','0','0','0','amorntep.th@gmail.com','(083) 163-9988','ab65ada0d1f087a26108f12dd71f0cd22a283a31','','','2021-07-11 23:10:46','2023-04-27 14:15:22','','2022-08-07 15:54:47',NULL,'1','182.232.241.122','Mozilla/5.0 (iPhone; CPU iPhone OS 15_6 like Mac OS X) AppleWebKit/605.1.15 (KHTML, like Gecko) Version/15.6 Mobile/15E148 Safari/604.1'),('kanyawan','699','ทพ.กัญญาวรรณ์  ไตรรัตน์จิรกุล','ทพ.กัญญาวรรณ์  ไตรรัตน์จิรกุล','1','0','0','0','','','9a9744f93ee8999174d39d5ae3febb294fa6d79d','','','2024-04-23 11:45:56',NULL,'','2025-12-23 14:22:50','2025-12-23 14:24:05','0','45.223.11.9','Mozilla/5.0 (Windows NT 10.0; Win64; x64) AppleWebKit/537.36 (KHTML, like Gecko) Chrome/143.0.0.0 Safari/537.36'),('nattaya','724','น.ส.ณัฐธยาน์  พานิชย์','น.ส.ณัฐธยาน์  พานิชย์','1','0','0','0','Nattayaphanid@gmail.com','(063) 573-9170','0490d09edb67cedc6bfbd58ebc1c1249c28cad4b','','','2023-06-07 10:21:00','2024-07-19 15:43:58','','2026-04-29 15:15:06','2026-04-29 15:25:55','0','45.223.11.9','Mozilla/5.0 (Windows NT 10.0; Win64; x64) AppleWebKit/537.36 (KHTML, like Gecko) Chrome/147.0.0.0 Safari/537.36'),('pantharee','724','น.ส.ปัญฑารีย์  กลันทปุระ','น.ส.ปัญฑารีย์  กลันทปุระ','1','0','1','0','','','4e2d9ffa6303c70fa9b50132583d5571b47a3f65','','','2022-08-26 15:24:59','2024-08-05 16:10:53','',NULL,NULL,NULL,NULL,NULL),('sirintip','702','พ.ญ.สิรินทิพย์  สิตานนท์','พ.ญ.สิรินทิพย์  สิตานนท์','1','0','0','0','','','d61e07a3f8c8e0a46c16a32dc2726a41f57e273b','','','2026-02-03 14:01:38','2026-02-04 11:40:42','','2026-04-28 15:43:26',NULL,'1','45.223.11.9','Mozilla/5.0 (Windows NT 10.0; Win64; x64) AppleWebKit/537.36 (KHTML, like Gecko) Chrome/147.0.0.0 Safari/537.36'),('pornpan','708','นางพรพรรณ  วรรณไพบูลย์','นางพรพรรณ  วรรณไพบูลย์','1','0','0','0','','','0a3329045408bba9b043b7d5db7103f4ce0a7e57','','','2022-07-06 15:05:23',NULL,'',NULL,NULL,NULL,NULL,NULL),('jintrakan','701','นายจิณตระการ  ควรคิด','นายจิณตระการ  ควรคิด','1','0','0','0','jintrakan_jk@hotmail.com','(081) 888-1285','fb6dd4d5aef8f341d3820c6ab3a875ae0c88a743','252 ม.1 ต.หนองพยอม อ.ตะพานหิน จ.พิจิตร','','2023-05-10 09:25:33','2025-12-25 09:04:29','jintrakan-20251225090429-S__21004309.jpg','2026-04-30 11:51:46',NULL,'1','45.223.11.9','Mozilla/5.0 (Windows NT 10.0; Win64; x64) AppleWebKit/537.36 (KHTML, like Gecko) Chrome/147.0.0.0 Safari/537.36 Edg/147.0.0.0'),('chawisa','699','น.ส.ชวิศา  วงศ์ทะ','น.ส.ชวิศา  วงศ์ทะ','1','0','0','0','taliew22@gmail.com','(087) 315-8515','8d0ad65df35bec0a5a922630cb12bea6cd32153d','79 ถ.ประเทืองถิ่น ต.บางมูลนาก อ.บางมูลนาก จ.พิจิตร ','','2023-06-24 12:44:05','2023-06-24 12:48:02','','2025-06-24 11:20:20','2025-06-24 11:38:37','0','172.16.10.184','Mozilla/5.0 (Windows NT 10.0; Win64; x64) AppleWebKit/537.36 (KHTML, like Gecko) Chrome/133.0.0.0 Safari/537.36 Edg/133.0.0.0'),('chulee','708','น.ส.ชุลี   ลีฬหะวิโรจน์','น.ส.ชุลี   ลีฬหะวิโรจน์','1','0','0','0','','','71c0250d05b0e2873139168ecb27a4b81ce33593','','','2022-08-26 15:30:15',NULL,'',NULL,NULL,NULL,NULL,NULL),('sonsupa','732','น.ส.โสมสุภา  โททะมัน','น.ส.โสมสุภา  โททะมัน','1','0','0','0','somsupa.tarnfah@gmail.com','(062) 901-6034','e9e276f7eedb0277a73250d5203f275ff40c208d','','','2022-09-09 13:11:50',NULL,'','2026-04-20 13:40:58',NULL,'1','122.154.184.97','Mozilla/5.0 (Windows NT 10.0; Win64; x64) AppleWebKit/537.36 (KHTML, like Gecko) Chrome/147.0.0.0 Safari/537.36'),('patthita','720','น.ส.ภัทร์ฐิตา  บุญธรรมมา','น.ส.ภัทร์ฐิตา  ตี่โชติ','1','1','1','0','','','709280e13a1cd294696b28061465fa61c1e4ac9c','','','2023-05-03 15:20:12','2026-04-03 17:43:46','','2026-04-03 17:42:55',NULL,'1','45.223.11.9','Mozilla/5.0 (Windows NT 10.0; Win64; x64) AppleWebKit/537.36 (KHTML, like Gecko) Chrome/146.0.0.0 Safari/537.36'),('natthapon','732','น.ส.ณัฏฐภรณ์  บุญหนุน','น.ส.ณัฏฐภรณ์  บุญหนุน','1','0','0','0','doodeedee1994@gmail.com','(089) 856-8066','96bc7affb0871695dab2f4c2a1d5e40247fa6f84','','','2022-11-15 15:58:22','2022-11-15 16:13:18','natthapon-20221115161318-stock-vector-new-rx-medical-medicine-sign-vector-230768950.jpg','2024-03-21 21:54:36',NULL,'1','122.154.184.97','Mozilla/5.0 (Macintosh; Intel Mac OS X 10_15_7) AppleWebKit/605.1.15 (KHTML, like Gecko) Version/17.3.1 Safari/605.1.15'),('chanasin','732','นายชนาสิน  เล็กชูผล','นายชนาสิน  เล็กชูผล','1','0','0','0','chanasin3070@gmail.com','(062) 961-9549','84a76c2515d6864d6c520399fd8168925d300d2a',' อีเมล์:nior_159@hotmail.com','','2022-11-15 15:58:39','2022-11-15 16:14:31','','2026-04-07 14:20:16',NULL,'1','45.223.11.9','Mozilla/5.0 (Windows NT 10.0; Win64; x64) AppleWebKit/537.36 (KHTML, like Gecko) Chrome/146.0.0.0 Safari/537.36'),('amnatk','732','นายอำนาจ  กันเพชร','นายอำนาจ  กันเพชร','1','0','0','0','','','3a93b0b21a000f11f87a9e57f00aa054a32dab09','','','2022-11-15 16:14:34',NULL,'amnatk-20221115161434-21953736-vector-pharmacy-symbol-mortar-and-pestle.jpg','2025-04-08 09:11:32',NULL,'1','10.0.200.45','Mozilla/5.0 (Windows NT 10.0; Win64; x64) AppleWebKit/537.36 (KHTML, like Gecko) Chrome/135.0.0.0 Safari/537.36'),('nuchjaree','701','น.ส.นุชจรี  อัปโมกข์','น.ส.นุชจรี  อัปโมกข์','1','0','0','0','Piinuch29@gmail.com','(062) 247-4069','635894e2a1964a0b42a36eb4688e52a6613f3f3b','7/8 ชมฐีระเวช5 ต.ตะพานหิน อ.ตะพานหิน จ.พิจิตร','','2023-04-10 11:20:02',NULL,'','2025-04-17 13:51:00',NULL,'1','172.16.11.255','Mozilla/5.0 (Windows NT 10.0; Win64; x64) AppleWebKit/537.36 (KHTML, like Gecko) Chrome/135.0.0.0 Safari/537.36'),('satita','707','น.ส.สาธิตา  พาสนิท','น.ส.สาธิตา  พาสนิท','1','0','0','0','noonpasanit@gmail.com','(082) 774-3638','7f0b6695ecfbe8c314f681d1d7107c0fdd51d651','','','2023-02-28 14:42:33','2023-04-18 10:55:36','','2025-01-30 14:43:43',NULL,'1','192.168.10.35','Mozilla/5.0 (Windows NT 10.0; Win64; x64) AppleWebKit/537.36 (KHTML, like Gecko) Chrome/132.0.0.0 Safari/537.36'),('oumchanok','722','น.ส.อุ้มชนก  การลพ','น.ส.อุ้มชนก  การลพ','1','0','1','0','oumchanok@gmail.com','(098) 146-4245','ecc2bced0b2db9ad400526bbf805f6d4b107cdd0','20/1 ม.8 ต.ปากทาง อ.เมือง จ.พิจิตร','<p>ทำทุกวันให้ดีทีุ่ด</p>','2023-03-03 09:31:19','2025-08-08 16:02:48','','2026-01-18 21:25:44',NULL,'1','45.223.11.7','Mozilla/5.0 (Windows NT 10.0; Win64; x64) AppleWebKit/537.36 (KHTML, like Gecko) Chrome/143.0.0.0 Safari/537.36'),('thidarat','718','น.ส.ธิดารัตน์  ขำยิ้ม','น.ส.ธิดารัตน์  ขำยิ้ม','1','1','0','0','thidarat.rat97@gmail.com','(080) 329-4539','cf9d4de0bb566438cd65d581aeb3aeccfef4407e','','','2023-04-07 13:08:11','2023-04-27 13:54:32','','2026-03-23 13:19:31',NULL,'1','45.223.11.9','Mozilla/5.0 (Windows NT 10.0; Win64; x64) AppleWebKit/537.36 (KHTML, like Gecko) Chrome/146.0.0.0 Safari/537.36'),('nisarat','702','น.ส.นิสารัตน์  โอดมี','น.ส.นิสารัตน์  โอดมี','1','1','1','0','','','e4cc3d5551b77da47fdd1506593a4ff168ec547c','','','2023-05-09 09:29:32','2023-05-09 14:34:03','','2024-01-18 12:00:18',NULL,'1','122.154.184.97','Mozilla/5.0 (Windows NT 10.0; Win64; x64) AppleWebKit/537.36 (KHTML, like Gecko) Chrome/120.0.0.0 Safari/537.36'),('sumalee','722','สุมาลี พลพุทธา','นางสุมาลี  พลพุทธา','1','1','1','0','nunoi31@outlook.co.th','(083) 162-6699','fc063c127f35896c8eb026bbf805f6d4b107cdd0','','','2023-04-25 13:54:38','2023-04-25 13:57:07','','2025-10-01 22:19:30',NULL,'1','122.154.184.97','Mozilla/5.0 (Windows NT 10.0; Win64; x64) AppleWebKit/537.36 (KHTML, like Gecko) Chrome/141.0.0.0 Safari/537.36'),('atchara.p','732','น.ส.อัจฉรา  แป้นสุกใส','น.ส.อัจฉรา  แป้นสุกใส','1','0','0','0','pearw-atchara@hotmail.com','(093) 535-5664','0dd4af402ca0f8e34eec93ad132ec442923fa7b7','','','2023-08-23 15:55:43',NULL,'','2026-04-25 19:22:34',NULL,'1','45.223.11.9','Mozilla/5.0 (Windows NT 10.0; Win64; x64) AppleWebKit/537.36 (KHTML, like Gecko) Chrome/147.0.0.0 Safari/537.36'),('onpreeya','699','น.ส.อรปรียา  เต็มแก้ว','น.ส.อรปรียา  เต็มแก้ว','1','0','0','0','mindon.jlck@gmail.com','(098) 747-1093','ee6da26ee729a26753a92d479bcfd1169fe4689a','286/2 ม.1 ต.เด่นชัย อ.เด่นชัย จ.แพร่ 54110','','2023-06-12 14:48:17',NULL,'','2026-01-09 15:48:51',NULL,'1','45.223.11.4','Mozilla/5.0 (iPhone; CPU iPhone OS 18_7 like Mac OS X) AppleWebKit/605.1.15 (KHTML, like Gecko) Version/26.1 Mobile/15E148 Safari/604.1'),('tawan','699','ตะวัน แสงซื่อ','นายตะวัน  แสงซื่อ','1','0','0','0','uamartdoi@gmail.com','(081) 680-1478','9c49dea822c6d2a323a526bbf805f6d4b107cdd0','แฟลต รพ 11/9','<p>คำคมคำคำคม</p>','2023-06-29 15:48:51',NULL,'','2025-04-22 10:36:33',NULL,'1','122.154.184.97','Mozilla/5.0 (Windows NT 10.0; Win64; x64) AppleWebKit/537.36 (KHTML, like Gecko) Chrome/135.0.0.0 Safari/537.36'),('benjamas','701','นางเบญจมาศ  แก้วเกตุ','นางเบญจมาศ  แก้วเกตุ','1','0','0','0','benjamas.kaew@gmail.com','(086) 591-5310','20e6190b5699cb9183357de49360e3afd93eb14a','32ถ.เทวมงคล  ซ.6 อ.ตะพานหิน จ.พิจิตร','','2023-06-30 14:39:34',NULL,'','2024-01-02 14:52:13',NULL,'1','172.168.12.228','Mozilla/5.0 (Windows NT 10.0; Win64; x64) AppleWebKit/537.36 (KHTML, like Gecko) Chrome/120.0.0.0 Safari/537.36'),('boonyisa','701','นางบุญญิสา  สว่างแก้ว','นางบุญญิสา  สว่างแก้ว','1','0','0','0','boonyisa0126@gmail.com','(098) 659-2419','9a5eddf1dd09a5ac6ff011a66f28b09365f3f797','เลขที่ 8 ถ.พระเกตุ อ.ตะพานหิน จ.พิจิตร','','2023-06-30 14:47:56',NULL,'','2024-05-07 11:49:19',NULL,'1','172.16.12.46','Mozilla/5.0 (Windows NT 10.0; Win64; x64) AppleWebKit/537.36 (KHTML, like Gecko) Chrome/122.0.0.0 Safari/537.36'),('sasipa','699','น.ส.ศศิภา  มณีขวัญ','น.ส.ศศิภา  มณีขวัญ','1','0','0','0','','','86b3e4923be11a28b29d26bbf805f6d4b107cdd0','','','2023-08-31 23:45:27',NULL,'','2025-11-04 17:31:31',NULL,'1','122.154.184.97','Mozilla/5.0 (Windows NT 10.0; Win64; x64) AppleWebKit/537.36 (KHTML, like Gecko) Chrome/141.0.0.0 Safari/537.36'),('knokwan.p','699','น.ส.กนกกวรรณ  เป้าขาว','น.ส.กนกกวรรณ  เป้าขาว','1','0','0','0','','','1f9308d9489dfc0bef7126bbf805f6d4b107cdd0','','','2023-09-01 16:05:51','2023-09-01 16:06:23','','2026-03-10 13:30:42',NULL,'1','45.223.11.9','Mozilla/5.0 (Windows NT 10.0; Win64; x64) AppleWebKit/537.36 (KHTML, like Gecko) Chrome/145.0.0.0 Safari/537.36'),('yaowaratn','714','นางเยาวรัตน์  เทศน้อย','นางเยาวรัตน์  เทศน้อย','1','1','1','0','yowrath123@gmail.com','(083) 962-9413','2a167d0569ce0f16a9a262e423bdf7fbf8d56dbb','147 ม.13 ต.ดงเสือเหลือง อ.โพธิ์ประทับช้าง จ.พิจิตร','<p>รับผิดชอบหน้าที่ของตัวเอง</p>','2024-08-06 09:24:06','2024-08-13 09:33:45','','2025-11-11 11:28:21',NULL,'1','122.154.184.97','Mozilla/5.0 (Windows NT 10.0; Win64; x64) AppleWebKit/537.36 (KHTML, like Gecko) Chrome/142.0.0.0 Safari/537.36'),('napatsorn','699','น.ส.นภัสสร  เวชคุณานุกูล','น.ส.นภัสสร  เวชคุณานุกูล','1','0','0','0','iamgejfha@gmail.com','(086) 883-0604','5f3748cc83de4219ee3081af702acae1fe26df60','47-48 ถ.ประเทืองถิ่น ต.บางมูลนาก อ.บางมูลนาก จ.พิจิตร 66120','','2024-06-07 14:21:36','2024-07-02 14:10:48','','2026-02-25 20:16:04',NULL,'1','45.223.11.9','Mozilla/5.0 (Windows NT 10.0; Win64; x64) AppleWebKit/537.36 (KHTML, like Gecko) Chrome/145.0.0.0 Safari/537.36'),('aphinya','715','เพลง อภิญญา สุขเอม','นางสาวอภิญญา  สุขเอม','1','0','0','0','pleng10191@gmail.com','(097) 957-9647','e48a1e78e56f887b716190eea2dbdefe0491d207','74 ม.2 ต.ทับหมัน อ.ตะพานหิน จ.พิจิตร','<p>รวย แบบใช้ไม่มีวันหมด&nbsp;</p>','2024-10-24 18:45:59',NULL,'aphinya-20241024184559-IMG_20240829_194942_074.jpg','2026-04-01 15:41:35',NULL,'1','45.223.11.12','Mozilla/5.0 (Linux; Android 10; K) AppleWebKit/537.36 (KHTML, like Gecko) Chrome/146.0.0.0 Mobile Safari/537.36'),('piyanuch','710','น.ส.ปิยะนุช  จันทร','น.ส.ปิยะนุช  จันทร','1','0','0','0','piyanuch.praw@gmail.com','(092) 562-4808','204d9925494fc6387a63eab23af881b9557f6b67','','','2025-03-13 15:31:21',NULL,'',NULL,NULL,NULL,NULL,NULL),('chakkaphan','722','นายจักรพันธ์  สุขมั่นคงทรัพย์','นายจักรพันธ์  ถอดเขี้ยว','1','0','0','0','','','5c4c568ff09455c2219e2f10f72464836acd1987','','','2026-03-26 10:58:04',NULL,'',NULL,NULL,NULL,NULL,NULL),('l2eserved','704','นายธีระพงศ์  พาคำ','นายธีระพงศ์  พาคำ','1','1','1','2','','','ad514b55acf2577c64d51597432dfd28349d8015','','','2026-02-04 10:41:19','2026-02-04 10:44:29','','2026-03-26 10:41:21',NULL,'1','45.223.11.10','Mozilla/5.0 (Windows NT 10.0; Win64; x64) AppleWebKit/537.36 (KHTML, like Gecko) Chrome/146.0.0.0 Safari/537.36'),('poorivat','702','น.พ.ภูริวัจน์  อุ่นบาง','น.พ.ภูริวัจน์  อุ่นบาง','1','0','0','0','J_inspired@hotmail.com','(061) 772-4479','3858b4b94fcae264c63436d5f88947ce7aa5d633','รพร.ตะพานหิน','','2026-02-05 11:39:53',NULL,'','2026-04-25 23:26:27',NULL,'1','45.223.11.5','Mozilla/5.0 (Macintosh; Intel Mac OS X 10_15_7) AppleWebKit/605.1.15 (KHTML, like Gecko) Version/17.5 Safari/605.1.15'),('pasakron','708','นายภาสกร  เล็กประดิษฐ์','นายภาสกร  เล็กประดิษฐ์','1','0','0','0','pasakron.lek@gmail.com','(080) 245-8964','ded748f3cb402f8d22e74e940372537efc9fb2df','โรงพยาบาลสมเด็จพระยุพราชตะพานหิน','<p>ทำวันนี้ เสร็จวันไหน ทำไมต้องทำให้เสร็จ เพราะเหนื่อยจ้า</p>','2026-03-12 09:42:22',NULL,'',NULL,NULL,NULL,NULL,NULL);
/*!40000 ALTER TABLE `mis_user` ENABLE KEYS */;
UNLOCK TABLES;
/*!40103 SET TIME_ZONE=@OLD_TIME_ZONE */;

/*!40101 SET SQL_MODE=@OLD_SQL_MODE */;
/*!40014 SET FOREIGN_KEY_CHECKS=@OLD_FOREIGN_KEY_CHECKS */;
/*!40014 SET UNIQUE_CHECKS=@OLD_UNIQUE_CHECKS */;
/*!40101 SET CHARACTER_SET_CLIENT=@OLD_CHARACTER_SET_CLIENT */;
/*!40101 SET CHARACTER_SET_RESULTS=@OLD_CHARACTER_SET_RESULTS */;
/*!40101 SET COLLATION_CONNECTION=@OLD_COLLATION_CONNECTION */;
/*!40111 SET SQL_NOTES=@OLD_SQL_NOTES */;

-- Dump completed on 2026-04-30 16:51:04
